"Events","Host"
"61207","spacedock.info"
"12471","www.google.com"
"9760","forum.kerbalspaceprogram.com"
"2242","yandex.ru"
"1899","www.google.co.uk"
"1871","kerbalx.com"
"1798","amoxicillin500.com"
"1744","doxycycline1.com"
"1726","albendazoletablets.com"
"1706","lasix100.com"
"1686","tadalafil2.com"
"1664","albuterol100.com"
"1652","prednisolone40.com"
"1635","lisinopril40.com"
"1474","www.bing.com"
"1359","www.spacedock.info"
"1253","synthroid1.com"
"1183","www.youtube.com"
"930","www.google.de"
"921","valtrex1.com"
"874","duckduckgo.com"
"818","www.google.com.br"
"790","www.google.ru"
"789","www.google.ca"
"721","www.google.com.au"
"648","www.google.fr"
"462","valtrexcost.com"
"447","bupropionsr.com"
"432","www.google.pl"
"405","sd1.52k.de"
"354","www.google.nl"
"335","re.wikiwiki.jp"
"325","www.google.se"
"318","albuterolhf.com"
"317","www.baidu.com"
"259","www.google.com.ua"
"222","blog.naver.com"
"222","zhidao.baidu.com"
"194","www.ecosia.org"
"178","www.google.es"
"175","www.google.no"
"169","www.google.co.nz"
"157","www.yandex.ru"
"155","www.google.it"
"141","search.yahoo.com"
"122","www.google.com.ph"
"120","www.google.co.kr"
"118","www.google.fi"
"113","www.google.cz"
"112","www.google.dk"
"111","blog.livedoor.jp"
"109","www.google.ch"
"104","www.google.at"
"102","www.google.co.id"
"99","www.google.co.jp"
"92","www.google.com.tr"
"89","hangar.kerbalspaceprogram.fr"
"89","www.google.be"
"88","www.google.hu"
"83","www.google.co.in"
"79","www.nonameships.pw"
"78","m.blog.naver.com"
"66","github.com"
"64","www.google.co.th"
"63","None"
"62","r.search.yahoo.com"
"60","kerbalspaceprogram.eu"
"60","www.google.ro"
"59","www.google.by"
"54","www.google.com.ar"
"51","www.google.com.hk"
"50","www.google.com.sg"
"48","cafe.naver.com"
"47","www.google.ie"
"47","cn.bing.com"
"47","go.mail.ru"
"47","www.google.co.za"
"45","yandex.ua"
"41","nonameships.pw"
"40","www.google.cl"
"39","www.google.gr"
"39","www.google.sk"
"38","www.google.com.mx"
"37","www.facebook.com"
"37","www.google.com.tw"
"37","www.google.pt"
"36","www.google.lv"
"34","tieba.baidu.com"
"32","yandex.kz"
"31","www.google.kz"
"30","www.qwant.com"
"29","yandex.by"
"29","www.google.ee"
"29","www.google.bg"
"26","c.tieba.baidu.com"
"26","www.google.hr"
"26","www.reddit.com"
"25","www.sogou.com"
"25","www.google.lt"
"25","www.google.co.il"
"24","www.google.ae"
"23","m.baidu.com"
"21","www.google.si"
"21","uk.search.yahoo.com"
"20","www.google.com.vn"
"20","www.google.rs"
"19","ca.search.yahoo.com"
"19","encrypted.google.com"
"18","adguard.com"
"18","outlook.live.com"
"17","translate.googleusercontent.com"
"17","ksp.lisias.net"
"16","www.kerbalspaceprogram.eu"
"15","blog.daum.net"
"15","l.facebook.com"
"14","away.vk.com"
"13","www.google.com.sa"
"12","mbox2.i.ua"
"12","com.google.android.googlequicksearchbox"
"12","www.google.com.eg"
"11","us.search.yahoo.com"
"11","nortonsafe.search.ask.com"
"11","www.google.co.ve"
"10","www.google.com.co"
"10","googleweblight.com"
"10","www.google.tn"
"9","www.google.iq"
"9","link.zhihu.com"
"9","mp.weixin.qq.com"
"8","www.so.com"
"8","jump2.bdimg.com"
"8","www.google.ba"
"8","yandex.fr"
"7","mail.qq.com"
"7","www.google.com.uy"
"7","alphaheaven.blogspot.jp"
"7","vk.com"
"6","youtube.com"
"6","www.google.com.pr"
"6","www.kerbalspaceprogram.de"
"6","startpage.com"
"6","www.google.com.bh"
"6","www.google.com.do"
"6","tw.search.yahoo.com"
"6","www.google.je"
"6","www.google.com.pk"
"6","www.google.com.my"
"6","search.lilo.org"
"5","fr.search.yahoo.com"
"5","spacedock.kspserver.net"
"5","www.google.com.ec"
"5","www.startpage.com"
"5","www.google.com.pe"
"5","www.google.is"
"5","search.yahoo.co.jp"
"5","results.searchlock.com"
"5","www.yandex.by"
"5","htps.cdn.211server.net"
"5","baidu.com"
"4","www.google.ge"
"4","com.google.android.gm"
"4","de.wikipedia.org"
"4","prednisone5.com"
"4","www.yandex.kz"
"4","www.google.am"
"4","search.handy-tab.com"
"4","wikiwiki.jp"
"4","localhost"
"4","kerbalspacechallenge.fr"
"4","steamcommunity.com"
"4","malaysia.search.yahoo.com"
"4","alphaheaven.blogspot.com"
"4","se.search.yahoo.com"
"4","www.yandex.ua"
"4","www.google.com.jm"
"4","nl.search.yahoo.com"
"4","www.google.mu"
"3","l.messenger.com"
"3","www.google.al"
"3","www.site-nl.com"
"3","www.liveinternet.ru"
"3","www.google.az"
"3","www.google.com.na"
"3","www.google.lu"
"3","www.google.hn"
"3","it.search.yahoo.com"
"3","fi.search.yahoo.com"
"3","warn.mse.360.cn"
"3","search.mysearch.com"
"3","www.google.com.mt"
"3","br.search.yahoo.com"
"3","www.google.jo"
"3","m.facebook.com"
"3","fanyi.myyoudao.com"
"3","buspar10.com"
"3","www.google.com.sv"
"3","mail.126.com"
"3","safesearch.avira.com"
"3","webmail.optusnet.com.au"
"3","de.search.yahoo.com"
"3","forum.kerbale.pl"
"3","spacedock.ru"
"2","mg.mail.yahoo.com"
"2","mods.curse.com"
"2","docs.google.com"
"2","www.search.ask.com"
"2","www.google.mv"
"2","www.msn.com"
"2","www.google.com.np"
"2","int.search.tb.ask.com"
"2","www.google.com.bn"
"2","203.233.19.171"
"2","5.9.16.54"
"2","www.google.com.ng"
"2","www.google.tt"
"2","albuteroli.com"
"2","en.so.com"
"2","es.search.yahoo.com"
"2","www.google.com.gt"
"2","www.google.dz"
"2","lavasoft.gosearchresults.com"
"2","gaming.youtube.com"
"2","www.google.gp"
"2","www.inoreader.com"
"2","www.google.com.lb"
"1","203.233.19.108"
"1","pl.search.yahoo.com"
"1","srware-search.com"
"1","start.att.net"
"1","weixin110.qq.com"
"1","coccoc.com"
"1","www.google.com.py"
"1","www.admuncher.com"
"1","ph.search.yahoo.com"
"1","in.search.yahoo.com"
"1","www.naver.com"
"1","id.search.yahoo.com"
"1","www.error404.null"
"1","www.org-search.com"
"1","www.google.co.ma"
"1","www.nigma.ru"
"1","www.search-story.com"
"1","www.google.to"
"1","ci.ksp-ckan.org"
"1","www.qte-search.com"
"1","suche.t-online.de"
"1","yandex.com"
"1","bing.com"
"1","wf.webrootanywhere.com"
"1","www.google.gg"
"1","www.alphashoppers.co"
"1","m.sogou.com"
"1","search.myway.com"
"1","no.search.yahoo.com"
"1","www.home-qoo.com"
"1","yandex.com.tr"
"1","webredirect.garenanow.com"
"1","www.google.com.vc"
"1","www.google.la"
"1","127.0.0.1"
"1","welcome.jsinfo.net"
"1","vn.search.yahoo.com"
"1","mail.google.com"
"1","www.google.com.gh"
"1","ar.search.yahoo.com"
"1","m.vk.com"
"1","www.girlsgogames.ru"
"1","www.google.lk"
"1","www.google.com.kh"
"1","www.searchlock.com"
"1","www.google.me"
"1","www.google.cg"
"1","spacedock.info."
"1","keep.google.com"
"1","www.google.dj"
"1","www.pref-search.com"
"1","cache.baiducontent.com"
"1","www.google.com.mm"
"1","search.mybitsearch.com"
"1","cgi.search.biglobe.ne.jp"
"1","webcache.googleusercontent.com"
"1","ipv4.google.com"
"1","nova.rambler.ru"
"1","jraces.com"
"1","www.google.com.bz"
"1","go-fr.com"
"1","www.google.gl"
"1","int.search.myway.com"
"1","www.twitch.tv"
"1","www.google.mn"
"1","www.plusnetwork.com"
"1","www.google.ac"
"1","cl.search.yahoo.com"
"1","q.search-fr.com"
"1","mystart3.dealwifi.com"
"1","kerbal.curseforge.com"
"1","au.search.yahoo.com"
"1","www.imdproc.am"
"1","www.google.cm"
"1","bitmotion-tab.com"
"1","weixin110.qq.com"
"1","203.233.24.233"
